{"initial_reset_timestamp": 1623719771.3896298, "timestamps": [1623719775.6203308], "episode_lengths": [100], "episode_rewards": [-51.19901057576894], "episode_types": ["t"]}